{"stats":{"minecraft:mined":{"minecraft:poppy":1},"minecraft:used":{"minecraft:white_wool":1},"minecraft:dropped":{"minecraft:poppy":1},"minecraft:picked_up":{"minecraft:poppy":1,"minecraft:mutton":1,"minecraft:wheat_seeds":2,"minecraft:white_wool":1},"minecraft:custom":{"minecraft:jump":40,"minecraft:time_since_rest":1916,"minecraft:damage_dealt":95,"minecraft:leave_game":1,"minecraft:walk_on_water_one_cm":55,"minecraft:play_time":1916,"minecraft:time_since_death":1916,"minecraft:walk_one_cm":4207,"minecraft:total_world_time":1916,"minecraft:mob_kills":1,"minecraft:drop":1,"minecraft:fall_one_cm":627,"minecraft:fly_one_cm":107}},"DataVersion":3465}